{"cameraMode":{"drawMode":0,"name":"Shaded","section":"Shading Mode"},"sceneLighting":false,"audioPlay":false,"sceneViewState":{"showFog":true,"showMaterialUpdate":false,"showSkybox":false,"showFlares":true,"showImageEffects":true,"showParticleSystems":true},"in2DMode":false,"pivot":{"x":0.1899999976158142,"y":1.985673427581787,"z":6.685091972351074},"rotation":{"x":-0.010738152079284191,"y":0.627898633480072,"z":-0.008683471940457821,"w":-0.7781949639320374},"size":0.8660253882408142,"orthographic":false}